osm_id,nom,type,lat,lon,km_sur_trace,dist_trace_m,phone,website,capacity,rooms
276032887,Hôtel Mapel,Hôtel,44.5610407,2.2523355,0.0,404.0,+335 65 43 04 33,https://www.hotelmalpel.com/,,20
497675839,La Route d'Argent,Hôtel,44.662462899999994,3.0460395,0.0,200.0,,,,
732656550,Les Étoiles,Chambre d'hôtes,44.1031362,1.0837673999999995,0.0,430.0,,http://www.gite-moissac.com/,,
1973985072,La Borie de l'Aubrac,Chambre d'hôtes,44.65185430000001,3.0853800000000007,0.0,355.0,+33 4 66457697,https://borie-aubrac.com/,,
1379814343,Aux Armes d'Estaing,Hôtel,44.553543600000005,2.6719116,0.0,614.0,,,,
1379814340,Auberge Saint-Fleuret,Hôtel,44.554636800000004,2.6718889,0.0,449.0,,,,
1300225052,Beau Rivage,Camping,43.32037900000001,-0.7621061000000003,0.0,358.0,,,,
1110908827,Gîte d'Étape Nogaro,Gîte / Auberge,43.76514830000001,-0.0331580000000004,0.0,104.0,+33562690615,http://www.gite-etape-nogaro.fr,,
1867298089,Camping vert de Saint-Chély d'Aubrac,Camping,44.5916627,2.9280137999999996,0.0,132.0,,https://chezfannyetjeremy.fr/camping-saint-chely/,,
1880783809,L'Étape d'Angéline,Chambre d'hôtes,43.98207260000001,0.4978917,0.0,401.0,,,,
1946129687,La Dômerie,Chambre d'hôtes,44.6218735,2.9858963999999997,0.0,623.0,+33565442842,https://www.la-domerie.com/fr,,5
1562068498,Le Breuil,Hôtel,44.781011699999986,3.3865085000000006,0.0,288.0,,,,
1866381085,Hôtel des Bains,Hôtel,44.606696400000004,2.0349726999999995,0.0,553.0,,,,
1740613192,Auberge Saint-Jacques,Hôtel,44.5992124,2.3970795999999996,0.0,620.0,,http://www.aubergestjacques.fr/,,13
1571679645,Hospitalité Saint-Jacques,Gîte / Auberge,44.55508220000002,2.6722573,0.0,718.0,+33 5 65 44 19 00,https://www.hospitalite-saint-jacques.fr/,,
1995552037,Maison de Rosalie,Chambre d'hôtes,44.65821170000001,3.0725105999999998,0.13,8.0,+33 4 66 32 55 14,https://www.hotel-aubrac.com/,,
1995562092,Le Margeride,Chambre d'hôtes,44.662991800000015,3.045094600000001,0.18,317.0,,,,
1995562094,Le Sorbier,Chambre d'hôtes,44.662591499999984,3.0453254000000003,0.18,548.0,,,,
1995562097,Nada,Chambre d'hôtes,44.66166249999999,3.0453119000000006,0.37,13.0,,,,
1995647295,La Grapière,Chambre d'hôtes,44.66198070000001,3.0474680000000003,0.56,666.0,,,,
1995647300,Lo d'ici,Chambre d'hôtes,44.661721099999994,3.0474925999999996,0.78,17.0,,,,
1995647303,Repos du Pélerin,Chambre d'hôtes,44.66369730000001,3.0443810000000004,1.72,849.0,,,,
1995647317,Chazaly,Chambre d'hôtes,44.6619723,3.0479499000000008,9.78,81.0,,,,
1995678805,Le Bastide,Hôtel,44.65832909999998,3.052803,16.38,96.0,,https://www.bastide-nasbinals.com/hebergements/hotel-le-bastide/,,
2015634884,Lous Grits,Hôtel,43.94273470000002,0.5391108999999997,16.64,35.0,,,,
2077860917,Bouchard,Chambre d'hôtes,44.66194009999999,3.0477948000000006,23.39,5.0,,,,
2084517976,Hôtel de France,Hôtel,44.66274599999999,3.0451018999999997,23.45,10.0,,,,
2315578488,Ibis Budget,Hôtel,45.0429463,3.8917154000000007,23.45,198.0,,,,82
2344715406,La halte Pompsoise,Gîte / Auberge,43.4904949,-0.5430739999999995,23.49,9.0,,,,
2372131671,Sans nom,Chambre d'hôtes,44.0685341,0.8938274999999996,23.75,59.0,+33563396245,,,
2408296585,Refuge Municipal Accueil Pelerin,Gîte / Auberge,43.16369880000002,-1.2347022,24.66,12.0,+33 5 5937 0509,http://www.aucoeurduchemin.org,,
2417759212,Maison Kaserna,Gîte / Auberge,43.1608624,-1.2380476,26.24,21.0,+33 5 59 37 65 17,,,
2417775370,Gîte Le Chemin Vers L'Etoile,Gîte / Auberge,43.161647599999995,-1.237541899999999,29.44,174.0,+33 6 70 20 82 13,http://www.pelerinage-saint-jacques-compostelle.com/en/gite,,
2425239990,Gîte d'étape communal,Chambre d'hôtes,44.59067939999999,2.9202404,29.67,25.0,+33 5 65 44 21 15,,,
2439084727,Sans nom,Chambre d'hôtes,44.29253539999999,1.1816100000000003,29.79,22.0,,,,
2514248793,Le gîte du Centre,Hôtel,44.78106320000001,3.3879251000000004,30.25,6.0,,,,
2616214154,Moulin de Cambelong,Hôtel,44.59272000000001,2.3962208,39.56,15.0,,https://moulindecambelong.com,,
2743313104,L'Annexe d'Aubrac,Chambre d'hôtes,44.62170399999999,2.9861445000000004,42.05,214.0,+33 6 75884119,http://www.lannexedaubrac.com,,
2765671723,Relais Saint-Roch,Hôtel,44.7798542,3.3890614999999995,42.26,22.0,,,,
2861999358,Hôtel Foulquier,Hôtel,44.5633763,2.2465040999999997,42.26,149.0,+33565632742,http://www.hotelfoulquier.com/,,24
2876064401,Hôtel Sainte-Foy,Hôtel,44.5994877,2.3976202000000004,42.45,31.0,,http://www.hotelsaintefoy.com/,17,
2925783120,Sans nom,Chambre d'hôtes,44.51513859999999,2.8155422000000003,42.48,9.0,,,,
2925994479,L'Espace Rencontre Angèle Mérici,Chambre d'hôtes,44.52006560000001,2.8191487000000004,42.71,34.0,,http://www.espaceangelemerici.fr/,,
3072134219,Les Tours Neuves,Hôtel,44.95964549999999,3.5479884999999993,42.87,7.0,,,,
3129598297,Gite Compostela,Chambre d'hôtes,43.94959790000001,0.19934300000000021,43.15,267.0,,,,
3131382943,L'Auberge du Pont,Hôtel,44.483710200000004,1.8440421000000005,43.22,9.0,,http://www.auberge-cajarc.com/,50,
3335642213,Gîte Compostella,Gîte / Auberge,43.163156400000005,-1.2405533999999985,50.17,45.0,+33 5 59 37 02 36,http://gitecompostella.jimdo.com/english/,,5
3352713679,Maison Donamaria,Chambre d'hôtes,43.1588173,-1.2351130999999997,50.24,16.0,+33559370232;+33661902921,http://www.donamaria.fr/,,5
3352831027,Maison Ziberoa,Chambre d'hôtes,43.162995099999996,-1.2409286999999998,52.57,15.0,+33 661235944,http://www.ziberoa.com/,,4
3398123563,Hôtel des Pyrénées,Hôtel,43.16339250000001,-1.2377476999999988,56.99,290.0,+335 59370101,http://hotel-les-pyrenees.com/en/,,18
3476379426,Relais Arc en Ciel,Chambre d'hôtes,44.35202340000001,1.6845577000000003,57.18,44.0,+33565227264,https://www.relais-arcenciel.com/index.php?wid=1920&hei=1080,,
3481371893,B&b Hôtel,Hôtel,45.0293431,3.8764086,61.98,37.0,+33 8 92 68 16 20,https://www.hotel-bb.com/fr/-/hotelByName.htm?id=4545,,
3494552652,La grange Saint-Jacques,Chambre d'hôtes,44.352461300000016,1.6726922999999991,67.35,522.0,+33565310875,,,
3495812624,Le Colombier,Chambre d'hôtes,44.35349690000002,1.6666152999999992,72.57,86.0,+33565201158,,,
3495812625,Le Mas de Juge,Chambre d'hôtes,44.3491634,1.6700491,74.61,93.0,+33565226737,,,
3627424610,Domaine de Sénos,Chambre d'hôtes,44.605018099999995,2.4869694,74.78,153.0,,,,
3654858995,Sans nom,Chambre d'hôtes,44.541942600000006,2.6854222999999995,74.78,87.0,,,,
3707339583,Le Pain de Sucre,Hôtel,44.9691689,3.647949399999999,74.86,51.0,,,,
3716655235,Ibis Styles,Hôtel,45.04291340000001,3.8882603000000002,75.01,48.0,,,,
3716655238,Hôtel Le Regina,Hôtel,45.0424513,3.8879776000000015,75.01,29.0,,,,25
3735011969,Hôtel La Peyrade,Hôtel,44.4857375,1.8380466999999996,75.1,7.0,+33 5 65 10 42 03,http://www.hotel-lapeyrade.fr/,70,14
3739551020,La Ferme de Villeneuve,Chambre d'hôtes,44.0307575,0.8232404999999996,75.1,8.0,+33 5 62 28 21 75,https://www.lafermedevilleneuve.fr/,,
3840543361,Auberge La Bastide d'Olt,Hôtel,44.60470960000001,2.5833754,75.1,15.0,,http://www.golinhac-hebergements.com/auberge.php,70,5
3840920060,Gîte Bellevue,Chambre d'hôtes,44.603403699999994,2.582777900000001,75.15,87.0,,http://www.pole-bellevue.fr/gites.php,,
3840920062,La Landette,Chambre d'hôtes,44.6042114,2.5791997,75.15,11.0,,http://www.landette.fr/,,
3844491222,Gîte d'étape Communal,Chambre d'hôtes,44.612315499999994,2.5100255999999996,75.15,69.0,,http://gite-espeyrac.com/,12,2
3844491232,Auberge des trois Dazes,Hôtel,44.61157040000001,2.5098942,75.15,28.0,,,,
3898440974,Le Chemin,Gîte / Auberge,44.5763125,2.2392996000000003,75.15,8.0,,https://www.tourisme-aveyron.com/fr/diffusio/hebergements-groupes/gite-de-st-roch-le-chemin-decazeville_TFO102955157968,,
4099138889,"The Originals Access, Hôtel Figeac",Hôtel,44.606982499999994,2.0424015000000004,75.31,12.0,+33 5 65 34 30 32,https://www.theoriginalshotels.com/hotels/figeac,,
4130486890,Hôtel Chris'tel,Hôtel,45.0369724,3.8819618000000005,76.56,347.0,+33471099595,,,
4209377119,La terrasse,Hôtel,44.9597293,3.5471342999999997,82.73,14.0,,,,
4209379799,L'arc en ciel,Chambre d'hôtes,44.956842599999995,3.5420666999999995,90.0,17.0,,,,
4212313676,Sans nom,Chambre d'hôtes,44.958655000000014,3.5494745,90.35,92.0,,,,
4224059150,Hôtel de l'Horloge,Hôtel,44.0696007,0.8994254000000012,90.43,31.0,+33 5 63 39 91 61,https://www.hoteldelhorlogeauvillar.com/,,10
4341018400,Hôtel Mendy,Hôtel,43.165311199999984,-1.1936849999999994,91.09,322.0,+33 5 59 37 27 49,https://www.hotel-mendy.com/,,
4358035689,tursac,Camping,44.318463000000015,1.1945893999999995,91.6,784.0,,,,
4411233937,Auberge de jeunesse,Gîte / Auberge,45.04491599999999,3.887141900000001,95.03,54.0,+33 4 71 05 52 40,https://www.hifrance.org/auberges-de-jeunesse/le-puy-en-velay/,,
4455978989,Gite,Chambre d'hôtes,44.890328000000004,3.4962633000000007,96.75,799.0,,,,
4472166390,Gîte Communal de Castet-Arrouy,Gîte / Auberge,43.979816599999985,0.714283200000001,96.91,799.0,,,,
4477409814,Gîte Chemin Enchantant,Gîte / Auberge,43.7997828,0.04121520000000026,97.11,113.0,+33668877824,,,
4482581005,Gîte Communal,Gîte / Auberge,43.57657629999999,-0.3790211000000002,100.89,20.0,,,,
4496366729,Accueil Pèlerin La Mariotte,Hôtel,44.617234300000014,2.1878297,106.46,20.0,,,,3
4507848851,Central Hotel,Hôtel,43.16279009999999,-1.2383412999999994,112.51,405.0,+33 5 59 37 00 22,https://centralhotel64.com/,,
4507874008,Zuharpeta,Gîte / Auberge,43.161009500000006,-1.2388348000000002,113.73,38.0,+33 5 59 37 35 88,http://gitezuharpeta.wifeo.com/,,
4517136990,Gîte de Rochegude,Chambre d'hôtes,44.98601509999999,3.648322199999999,115.55,107.0,+33471027879,http://www.gitederochegude.fr,,
4534581681,Gîte du Pont Vieux,Chambre d'hôtes,44.52187159999999,2.7635508,116.01,16.0,,https://gite-espalion.com/,,3
4805501067,Sans nom,Chambre d'hôtes,44.438948599999996,1.4429152000000005,116.04,18.0,,,,
4958419163,Caselle-Puits,Abri,44.41810499999999,1.8440575,116.04,11.0,,,,
5012843514,La Halte de Larressingle,Chambre d'hôtes,43.940523,0.3071807000000002,116.04,17.0,+33 7 66 85 16 75,https://www.lahaltedelarressingle.fr,,
5015994235,L’Auberge d’Alex,Hôtel,43.53469160000002,-0.41106990000000077,116.04,11.0,,,,
5124057993,Gite d'étape Le Relais des Jacobins,Chambre d'hôtes,44.449202799999995,1.4469140999999999,116.1,209.0,,,,
5156811488,Le Bourdon,Chambre d'hôtes,43.942148100000004,0.5377294999999997,116.26,19.0,,,,
5162309821,gîte des jacobins,Gîte / Auberge,44.4492198,1.4469144999999999,116.26,537.0,,,,
5209301918,Esponda,Hôtel,43.16421890000001,-1.2365408999999992,116.26,15.0,+33 6 7907 5252,,,8
5209321421,Itzalpea,Gîte / Auberge,43.16396070000001,-1.2367743999999994,116.31,39.0,+33 5 59 37 03 66,,,7
5209321422,Sur le Chemin Au Chant du Coq,Gîte / Auberge,43.163260799999996,-1.2359457999999992,116.31,5.0,+33 6 74 31 02 83,http://chemingarazi.canalblog.com/,,
5209321423,Beilari (formerly Esprit du Chemin),Gîte / Auberge,43.163297599999986,-1.235808499999999,116.31,9.0,+33 5 59 37 24 68,https://www.beilari.info/,,4
5209321425,Maison E. Bernat,Gîte / Auberge,43.16294720000001,-1.236524999999999,116.31,109.0,+33 559372310,http://www.ebernat.com/,,3
5209321426,Ultreïa,Gîte / Auberge,43.162687700000006,-1.2369557000000002,116.31,11.0,+33 6 80 88 46 22,http://www.ultreia64.fr/,,2
5209321428,Izaxulo,Hôtel,43.16399620000001,-1.2371847,116.35,247.0,+33 5 24 34 19 00,https://www.gite-izaxulo.com/,,
5209321429,Gite Makila,Gîte / Auberge,43.163396500000005,-1.2359548999999992,116.35,118.0,+33 6 63 10 13 46,,,
5209321430,Auberge du Pèlerin,Gîte / Auberge,43.16324199999999,-1.2362700999999985,116.48,518.0,+33 559491086,http://aubergedupelerin.com/,,
5221759218,Gîte communal,Gîte / Auberge,44.66277310000002,3.0455506000000003,124.52,203.0,,,,
5223262424,Gîte Lo Soulenquo,Gîte / Auberge,44.57284519999998,2.6206483999999994,124.95,23.0,+33 6 10 97 08 71,https://www.losoulenquo.fr/,,
5342868693,Gîte Le Lièvre et La Tortue,Gîte / Auberge,43.163138599999996,-1.2361799,125.19,8.0,+33 6 63 62 92 35,https://www.facebook.com/gitelelievreetlatortue/,,
5359207231,Gîte Accueil Saint-François,Gîte / Auberge,45.0465241,3.8846333,125.22,20.0,+33471059886,https://accueilsaintfrancoislepuy.jimdofree.com,,
5437866821,La Grange de Marie-France,Chambre d'hôtes,43.861041,0.10340470000000072,125.22,16.0,+33 6 61 24 48 04,,,
5514568322,La Cassagnolle,Gîte / Auberge,44.58486850000001,2.0122177000000008,125.33,12.0,+33 5 65 34 03 08,http://www.cassagnole.com,,
5624348007,Les Trois Lys,Hôtel,43.9573131,0.37525889999999984,130.59,315.0,+33 5 62 28 33 33,https://lestroislys.com,,
5624348551,Le Logis des Cordeliers,Hôtel,43.95489119999999,0.3738365000000003,131.98,147.0,,https://www.logisdescordeliers.com/,,
5675620728,Espelletenia,Hôtel,43.2328667,-1.0963119999999997,132.47,15.0,+33 5 59 37 81 91,https://www.espelletenia.eus/,,
5746525392,Gîte d'étape communal,Gîte / Auberge,44.959080100000016,3.5453077,132.47,23.0,,,,
5771725768,Le Comptoir de Germain;Chez Alice & Charles,Chambre d'hôtes,44.599710499999986,2.3980216000000008,132.69,43.0,,,,
5844095095,Le Chant Des Etoiles,Gîte / Auberge,44.591259199999996,2.231778300000001,132.69,29.0,+33 9 52 40 69 65,www.gite-rando.fr,,
6057983618,La Vieille Auberge,Hôtel,44.989923900000015,3.678220500000001,132.92,118.0,+33 4 71 57 20 56,https://www.la-vieille-auberge.eu,,
6192085469,Lo Fenador,Chambre d'hôtes,44.660389600000016,3.0455118000000003,139.49,72.0,,,,
6444507688,Les Volets Bleus,Chambre d'hôtes,44.563806599999985,2.2491624999999997,148.13,184.0,+33953004370,,,
6444521985,Bleus Lumière,Chambre d'hôtes,44.56788120000001,1.9870976000000007,148.69,3.0,+33686711314,https://www.chambredhotes-bleuslumiere.com/,,
6487361168,B&B Manoir de la Fabrègues,Chambre d'hôtes,44.54491120000001,2.6952841,148.74,15.0,+33565663778,https://www.manoirattitude.com/,,3
6501576460,Le repos du pelerin,Chambre d'hôtes,44.96860279999998,3.6442932,148.77,30.0,,,,
6502306185,Eco-Donativo,Chambre d'hôtes,43.29686040000001,-0.9184232999999999,149.03,13.0,+33987889845,,,
6547771319,Gite d Etape l'Estaou,Chambre d'hôtes,44.9872236,3.6648970000000003,149.06,81.0,,,,
6554551098,La Bergerie de Compostelle,Chambre d'hôtes,44.8146477,3.4413253,154.19,321.0,,,,
6572152673,Gîte du Gua,Gîte / Auberge,44.60812260000002,2.0263274000000004,156.22,76.0,,,,
6574585888,Gite de la Fontaine,Gîte / Auberge,44.537637900000014,1.89496,156.81,3.0,,,,
6578405665,Gîte deTrigodina,Gîte / Auberge,44.363536899999986,1.3877702000000003,156.89,4.0,,,,
6611920368,Gîte L'Escale a la Ferme,Gîte / Auberge,43.47779050000001,-0.47534920000000075,156.91,113.0,,,,
6611972806,Sans nom,Gîte / Auberge,43.699386,-0.26703589999999955,157.01,184.0,,,,
6611975969,Gîte Napoleon,Gîte / Auberge,43.94950980000001,0.2002983000000013,165.14,504.0,,,,
6616518823,Gite communal l'Arsenal,Gîte / Auberge,43.322740399999994,-0.7612247000000002,166.37,89.0,+33 7 48 90 60 80,,,
6788803772,La Maison des Pèlerins,Chambre d'hôtes,43.70092939999999,-0.2650157999999998,168.96,106.0,+33558716807,http://lamaisondespelerins.com,,
7018788404,La vita è bella,Gîte / Auberge,43.163733700000016,-1.2366500000000002,169.25,4.0,+33 6 72 10 04 63,,,2
7159709733,Gîte de Lestrade en Aubrac,Gîte / Auberge,44.5589068,2.8745033,169.25,175.0,,https://gite-lestrade.fr/,,
7388670473,A2PAS,Chambre d'hôtes,43.934152100000006,0.6223220999999995,169.35,84.0,,https://www.a2-pas.fr/,,
7658069356,Chambres d'hôtes Lepadou bas,Chambre d'hôtes,44.5952949,2.9437691,169.39,48.0,+33 5 65 44 74 39,https://www.lelepadoubasenaubrac.fr/,,3x
7892009699,Moulin d'Utziate,Abri,43.219889,-1.1210299,169.45,5.0,,,2,
7942429289,La Maison d'Antan,Hôtel,43.53567469999999,-0.4118424999999997,169.5,9.0,+33 5 59 04 53 01,https://www.lamaison-dantan.com/,,
7942447008,N'Atura Hôtel,Hôtel,43.70397340000001,-0.25942049999999955,172.59,340.0,,,,
8117761450,Gîte d'étape de Poudally,Chambre d'hôtes,44.357342700000004,1.5682594000000005,177.21,262.0,+33 5 65 22 08 69,https://www.poudally.com/,,
8605975686,Les Coudercous,Hôtel,44.59093889999999,2.9225560000000006,181.73,11.0,,,,
8725359368,Hôtel Ramuntcho,Hôtel,43.16312799999998,-1.236530399999999,183.47,4.0,+33 5 59 37 03 91,https://www.hotel-ramuntcho.com/,,
8725433723,Les Remparts,Hôtel,43.16252699999999,-1.2393434999999995,183.62,90.0,+33 5 59 37 13 79,https://www.hoteldesremparts.fr/,,
8746791318,La Maison du Grillon et Oustau Grigt Café,Chambre d'hôtes,43.39020170000001,-0.7072515999999994,183.62,102.0,+33 5 59 09 44 30,https://lamaisondugrillon.fr/,,
8750958417,Libellule et Papillon,Chambre d'hôtes,44.569177100000005,2.2485351,183.89,56.0,+33 6 68 14 01 14,,,
8753220117,Le repos de Célé,Chambre d'hôtes,44.609698499999986,2.0519072999999994,187.58,530.0,,https://lereposducele.fr/,,
8754799117,Les 4 chemins,Chambre d'hôtes,44.7066708,3.1929385,189.35,16.0,+33 6 70 11 55 39,https://www.les4cheminsaubrac.fr,,
8777136559,Les Drailles de la Margeride,Chambre d'hôtes,44.7802218,3.387587699999999,191.98,20.0,+33670112054,lesdraillesmargeride.wix.com/site,,
8781463293,Camp'Hostel,Camping,43.526781,-0.42465359999999963,192.13,6.0,,,,
8788595111,Bidean,Gîte / Auberge,43.161868500000004,-1.2374171999999992,194.61,11.0,+33 6 48 98 05 22,,,
8836449814,Gîte d'Étape l'Oustal,Gîte / Auberge,44.03578639999999,0.8388340999999991,203.73,20.0,,,,
8904646421,Gîte,Chambre d'hôtes,44.99137780000001,3.7438729000000004,203.81,49.0,+33622719009,https://www.lescole.com/,,
8909440118,Gîte d'étape La Remise,Chambre d'hôtes,44.949036899999996,3.5804571,204.08,26.0,+33 6 25 03 50 71,,,
8919421318,Le Relais Saint Jacques,Gîte / Auberge,44.58270609999999,2.012147100000001,204.11,8.0,+33 5 65 34 03 08,,,
8921478944,Brit Hotel Le Valentré,Hôtel,44.44789840000001,1.4343816999999999,204.22,12.0,+33 5 65 35 16 76,https://cahors-valentre.brithotel.fr/,,
8939194017,chez Marie en Aubrac,Chambre d'hôtes,44.7115515,3.235797,204.46,613.0,,,,
8956963217,Mas du cartographe,Chambre d'hôtes,44.40699860000001,1.7974245999999998,204.55,7.0,,,,
8964691320,Papillon vert,Gîte / Auberge,44.446225500000004,1.4436003000000004,204.58,7.0,,,,
8968823517,Gîte de Bouy,Gîte / Auberge,44.33793179999999,1.3105015000000013,204.68,152.0,,,,
8986295317,L'Ancien Carmel de Condom,Gîte / Auberge,43.95206139999999,0.38194370000000066,221.98,363.0,,,,
8990455617,Chantal,Chambre d'hôtes,43.7559037,-0.03865890000000092,222.11,65.0,,,,
8995922118,Gîte communal,Gîte / Auberge,43.59426590000002,-0.32634800000000025,222.32,308.0,,,,
9001975917,Gîte du Cambarrat,Chambre d'hôtes,43.4537885,-0.6774580000000001,222.45,8.0,,,,
9007011517,Gîte Bellevue,Chambre d'hôtes,43.31138479999999,-0.904426299999999,222.71,79.0,,,,
9045416410,Cajarc Blue Hotel,Hôtel,44.48570540000002,1.8486281,223.42,129.0,,https://cajarcbluehotel.fr,,
9061974639,Gîte au Fil de l'Eau,Gîte / Auberge,44.52135500000002,2.764012099999999,224.5,15.0,,https://gite-espalion-aufildeleau.fr/,,
9237756877,"Refuge Municipal ""Ospitalia""",Gîte / Auberge,43.163724400000014,-1.2347010999999999,226.13,646.0,+33 6 17 10 31 89,,,3
9237756878,Gîte Azkorria,Gîte / Auberge,43.16353959999999,-1.2353016999999995,226.85,437.0,+33 5 59 37 00 53,,,5
9237756879,Gîte de la Porte Saint-Jacques,Gîte / Auberge,43.163699099999995,-1.2349216000000003,226.9,44.0,+33 6 20 73 11 17,,,
9238596813,Dyke Hôtel,Hôtel,45.04247930000002,3.8875429,227.28,6.0,+33 4 71 09 05 30,https://dykehotel.fr/,,15
9445913159,Sans nom,Abri,44.56481729999998,1.9299607,227.3,13.0,,,,
9325819200,Le Baladin,Chambre d'hôtes,44.0706732,0.8991106000000001,227.3,8.0,,,,
9566521870,La Maurague,Chambre d'hôtes,43.96001149999997,0.45510580000000034,229.07,967.0,,,,
9695882741,Caselle,Abri,44.4185372,1.8441045,233.05,15.0,,,,
9913040755,La bonne étoile,Chambre d'hôtes,44.59818269999999,2.393348500000001,243.97,196.0,,,,
9919999664,Le Commerce,Hôtel,43.76007519999998,-0.031201699999999583,249.17,13.0,+33 5 62 09 00 95,https://hotelrestaurantnogaro.com/,,
9948941883,Hôtel-Restaurant Prunières,Hôtel,44.7217672,3.2836654000000003,249.19,4.0,+33 4 66 42 85 52;+33 7 68 25 33 25,https://hotel-prunieres.fr/,,
9949446618,Lou Carreirou,Chambre d'hôtes,44.7794144,3.3884941,249.23,457.0,,,,
9951073785,Le Chemin des Sens,Gîte / Auberge,44.78074120000002,3.3877070999999996,250.01,11.0,+33 4 66 44 72 61,https://www.lechemindessens.com/,,
9951090245,Refuge Pelerin,Gîte / Auberge,44.78038690000002,3.3879842999999994,250.2,131.0,,,,
9951202280,La Butte Aux Oiseaux,Gîte / Auberge,44.7825749,3.3884928000000003,250.68,40.0,+33 954394653,,,
9951259678,Aux Amis dans le Chemin,Gîte / Auberge,44.78123800000001,3.3880008999999998,250.91,160.0,,,,
9951229072,Le Refuge Du Pelerin,Gîte / Auberge,44.7823101,3.3880835999999994,250.91,192.0,,,,
9951227181,Le Gevaudan,Gîte / Auberge,44.781296400000016,3.3880388,250.91,436.0,+33 4 66 45 10 42,,,
9951202996,Le Lit Magnole,Gîte / Auberge,44.7816063,3.387829700000001,250.91,172.0,+33 7 67 51 38 51,https://www.lelitmagnole.com/,,
10053656311,Hôtel de Bastard,Hôtel,43.93471370000002,0.6234486000000001,251.07,9.0,+33 5 62 68 82 44,https://www.hotel-de-bastard.com/,,
10058383706,Le Continental,Hôtel,43.9574142,0.36813759999999934,251.26,7.0,+33 5 62 68 37 00,https://www.lecontinental.net/,,29
10168590529,Brit Hotel Le France,Hôtel,44.4480196,1.4343613999999998,251.75,265.0,+33 5 65 35 16 76,https://cahors-france.brithotel.fr/,,
10181339365,La Maison des Pèlerins,Gîte / Auberge,44.4381312,1.4475640999999997,254.9,73.0,+33 5 65 30 03 06,,,
10225106517,Gite Chez L,Chambre d'hôtes,43.439217099999986,-0.6936492000000001,255.04,56.0,,,,
10272975867,Le St Bernard,Chambre d'hôtes,44.988724500000004,3.674737800000001,257.98,137.0,+33 6 12 29 80 55,http://www.lesainbernard.com/,,
10576571553,Gîte du Pied Levé,Chambre d'hôtes,43.76244419999999,-0.03084879999999992,263.53,6.0,,,,
10599682706,Le Chemin de Tables,Chambre d'hôtes,43.94289249999999,0.5397557000000008,265.64,12.0,+33 6 77 53 65 31,https://chemindetables.com,,3
10613872046,Caselle,Abri,44.520229,1.8480299000000007,270.41,209.0,,,,
10613883431,Caselle,Abri,44.5005344,1.8348964999999995,272.97,451.0,,,,
10613901060,Caselle,Abri,44.51539040000001,1.8571642000000004,275.25,118.0,,,,
10700376322,Au passage de l'Adour,Chambre d'hôtes,43.7032508,-0.26684499999999994,276.2,6.0,+33 6 51 43 68 18,https://aupassagedeladour.com,,
10704999784,La Grange à Dubarry,Chambre d'hôtes,43.7147631,-0.13571579999999986,279.73,14.0,,,,
10766981805,A chacun son chemin,Chambre d'hôtes,44.590986499999985,2.2322624,281.26,319.0,,,,
10767000105,Antoine le Pelerin,Chambre d'hôtes,44.60981780000001,2.0514421000000005,281.3,193.0,,,,
10802438795,Sans nom,Abri,44.5372939,1.8608442,282.03,451.0,,,,
10798876706,Gîte d'étape Un escargot dans sa coquille,Gîte / Auberge,44.98998710000001,3.6779146000000007,282.03,44.0,+33 6 11 34 31 49,https://www.unescargotdanssacoquille.com/,,
10802492229,Plan B,Gîte / Auberge,43.163099000000024,-1.2363001000000002,282.03,454.0,,,,
10913755503,Le Nid du Peyrat,Camping,44.07197750000002,0.8989184999999997,282.1,144.0,+33 6 48 57 87 46,,,
10939815979,Le Castellou,Chambre d'hôtes,44.59799830000001,2.3931364000000004,282.38,264.0,+33 5 65 78 27 09,https://www.aucastellou.fr/,,
10942354213,Les pieds dans l'Olt,Gîte / Auberge,44.55327919999998,2.6740925999999994,290.72,887.0,,,,
10957100871,Sans nom,Chambre d'hôtes,44.555464300000004,2.6707225,290.72,349.0,,,,
10951951378,Les Arroucasses,Chambre d'hôtes,43.97049069999999,0.4600848999999995,290.72,909.0,,,,
11035300129,L'Auberge des Tables,Chambre d'hôtes,45.04557920000001,3.8830560000000003,296.27,573.0,,,,
11067020037,Relais du Haget,Chambre d'hôtes,43.7794091,0.019590900000000234,299.48,108.0,,,,
11159077888,Caselle,Abri,44.387279000000014,1.7482356999999997,299.48,106.0,,,,
11159077893,Caselle,Abri,44.3884751,1.7514301999999997,300.05,183.0,,,,
11159077895,Gariotte,Abri,44.388913000000024,1.7529054000000002,300.08,5.0,,,,
11159130007,Gariotte,Abri,44.3898177,1.7554227000000004,300.46,16.0,,,,
11159130020,Caselle,Abri,44.39210529999999,1.7603257000000008,300.99,34.0,,,,
11159130013,Caselle,Abri,44.38993560000001,1.7557204000000006,300.99,34.0,,,,
11159130025,Gariotte,Abri,44.393458399999986,1.7650732000000011,301.19,5.0,,,,
11277946072,Le Clos des Escoutilles,Gîte / Auberge,44.36160340000001,1.7207396999999995,301.38,4.0,,https://clos-des-escoutilles.eu,,
11277946073,Gîte d'Étape les Marronniers,Gîte / Auberge,44.35794300000001,1.7237202999999999,301.68,24.0,,,,
11393677329,Au Musée d’Albert,Chambre d'hôtes,43.9792298,0.7147862999999999,307.47,327.0,,https://chemindecompostelle.com/voie-puy-gr65-via-podiensis/hebergements/chambre-hotes-albert-sala-castet-arrouy/,,
11423191938,Caselle,Abri,44.35471629999998,1.6888516000000007,307.63,71.0,,,,
11423191950,Caselle,Abri,44.3608032,1.6832430999999997,310.44,898.0,,,,
11619322297,Domaine d'Orion,Chambre d'hôtes,43.9653781,0.45939940000000007,311.12,137.0,,https://www.domainedorion.fr/,,
11646978755,Le Couvent de la Romieu,Gîte / Auberge,43.98113510000001,0.49978670000000064,311.59,802.0,,,,
11735379110,Lou Bellut,Chambre d'hôtes,44.5538005,2.672077,311.59,814.0,,https://www.chambredhotes-estaing-12.com/,,
11903847369,Gîte chez François,Chambre d'hôtes,44.59944200000001,2.4022491,312.43,3.0,,https://gite-francois-conques.fr/,,
11997586630,Gîte de la Virlange,Chambre d'hôtes,44.8563142,3.4932730999999992,312.58,497.0,,,,
12003189826,La Rose de l’Aubrac,Chambre d'hôtes,44.684001800000004,3.139339999999999,312.95,16.0,,,,
12010320899,Au Pont d’Olt,Chambre d'hôtes,44.51378400000001,2.8166939999999996,321.49,339.0,+33652462420,https://www.aupontdolt.com/,,3
12095893501,Au bon moment,Gîte / Auberge,44.95917310000001,3.5483749999999996,325.92,684.0,,,,
12101336401,Gîte d'étape - Le chant des oiseaux,Gîte / Auberge,44.7021225,3.2541383000000006,333.45,60.0,,,,
12106771201,Gîte d’étape - La case d'Annie,Gîte / Auberge,44.5157636,2.8160161999999995,337.75,217.0,,,,
12178323360,Au Bon Marché,Chambre d'hôtes,44.397973199999996,1.7693487000000003,338.43,56.0,,,,
12178323361,La maison en chemin,Chambre d'hôtes,44.39785630000002,1.7691877000000003,338.52,150.0,,https://lamaisonenchemingr65.fr/,,
12184469301,Gîte d'étape La petite tribu,Chambre d'hôtes,44.56543770000002,2.2524728999999994,339.33,63.0,,,,
12261158507,Lo d'ici,Chambre d'hôtes,44.66169090000001,3.0476928000000005,339.45,413.0,,,,
12356327019,Camping Biran,Camping,44.00617009999999,0.7689089000000006,339.45,414.0,,,,
12441968425,Little India,Chambre d'hôtes,44.069110200000004,0.8994855000000005,340.71,298.0,,,,
12535859629,Hotel Saint Jacques,Hôtel,45.0433621,3.8880737,340.71,64.0,,,,
12444420548,Sans nom,Chambre d'hôtes,44.069885899999996,0.8995519,340.71,310.0,,,,
12544059113,Château de Lastours,Chambre d'hôtes,44.08422109999999,0.9045453000000004,340.76,114.0,,https://www.chateaudelastours.eu/,,
12548758265,Le Par'Chemin,Gîte / Auberge,44.07793389999999,0.9073048000000006,354.22,20.0,,,,
12559238804,Le Foirail,Hôtel,44.611631700000004,2.0361593999999994,362.53,141.0,,,,
12609416536,Moulin de Moissac,Hôtel,44.099909700000005,1.0859031000000001,363.22,163.0,+33 5 63 32 88 88,https://www.lemoulindemoissac.com/,,
12643048191,Gîte du marché,Gîte / Auberge,43.161309,-1.2401536000000004,372.85,94.0,+33 7 45 53 39 06,,,
12666376401,Chez Dan & Véro,Chambre d'hôtes,44.09560729999998,1.0853836000000003,372.87,17.0,,"http://chezdanetvero.fr
www.chambres-hotes.fr/chambres-hotes_chez-dan-et-vero_moissac_33414.htm",,
12837234801,Les Rochers de la Clauze,Chambre d'hôtes,44.90920680000001,3.503524100000001,373.08,63.0,+33 6 65 50 30 51,,,
12850204813,Dessine-moi un chemin,Chambre d'hôtes,43.37351829999999,-0.7142143999999981,373.17,91.0,,,,
12864233185,Le Bilboquet,Hôtel,45.045311100000006,3.8904669,373.34,512.0,,,,
12909076895,Gîte d'étape pèlerins,Gîte / Auberge,44.41949420000001,1.8352637999999997,375.86,749.0,,,,
12979162828,L'Étape,Gîte / Auberge,44.56073530000001,2.2529803,382.07,664.0,,,,
12980198177,Maison Mirabel,Gîte / Auberge,44.6216534,2.108495299999999,386.88,12.0,,,,
12983278103,La Soursounette,Gîte / Auberge,44.5777779,1.9455719999999999,387.19,716.0,,,,
12985731980,Chez Evelyne et Roland,Chambre d'hôtes,44.486736000000015,1.8390917999999994,387.54,11.0,,,,
12993137001,La Vita è Bella,Chambre d'hôtes,44.59121020000001,2.231836000000001,398.61,18.0,,https://www.doremifamiredo.com/,,
12993139302,Gite du Carmel,Chambre d'hôtes,44.60666179999999,2.0318214000000006,400.16,35.0,,,,
12993721922,La Quintarde,Chambre d'hôtes,44.40702350000001,1.4713020000000006,406.71,442.0,,https://laquintarde.com/,,
12999286420,Les Figuiers,Gîte / Auberge,44.261804799999986,1.146296600000001,408.68,20.0,,,,
12999292376,Les Figuiers,Gîte / Auberge,44.258773200000014,1.1400359999999998,410.77,871.0,,,,
13017292653,Grand séminaire,Gîte / Auberge,45.0461783,3.8862416,413.03,42.0,+33 4 71 09 93 10,https://www.cathedraledupuy.org/grand-seminaire-saint-georges-au-coeur-du-puy/tarifs/tarifs-2025,,
13058294191,Gîte La Magnanerie,Chambre d'hôtes,44.58827799999998,2.2307192000000002,414.13,64.0,,https://www.gite-livinhac.com,5,6
13077800001,Gîte d'étape La Dilettante,Gîte / Auberge,44.08956950000002,0.9744980999999994,414.25,135.0,,,,
13077976312,Grange de Grandviala,Chambre d'hôtes,44.719681,3.2413891,414.4,163.0,+33 7 60 61 18 42,https://www.grandviala.fr/,,
13077992406,La Ferme de Félix,Chambre d'hôtes,44.7196024,3.2416227999999996,414.47,14.0,+33 6 87 91 26 69,https://www.lafermedefelix.com/,,
13083853305,Le Soulié de Saint-Jacques,Chambre d'hôtes,44.6016466,2.5268216000000003,414.69,176.0,,https://lesouliedesaintjacques.wordpress.com,11,2
13082330795,Elus' Halte,Gîte / Auberge,43.8612432,0.09979860000000038,414.69,251.0,,,,
13098956701,Gite l'Oasis del camino,Hôtel,44.59086650000001,2.9225791,414.71,84.0,,,,
13083994808,Gîte Communal d'Éauze,Gîte / Auberge,43.86051749999999,0.10115550000000012,414.71,246.0,,,,
13136190462,Le Bristol,Hôtel,45.04062380000001,3.8884447,414.86,114.0,,,,
13174107317,Sans nom,Gîte / Auberge,43.16328049999999,-1.2361106999999993,414.92,182.0,,,,
13195374007,La Halte Saint-Jacques,Gîte / Auberge,44.5229029,2.7643847999999993,415.0,42.0,+33 5 65 66 35 61,https://www.gite-etape-espalion.fr/,,5
13201430860,Le Domaine du Passage,Chambre d'hôtes,43.823393900000006,0.05892750000000124,415.35,654.0,,https://www.ledomainedupassage.fr/,,
13207469502,Saint Jean Pied de Port,Hôtel,43.1627883,-1.2383392999999994,415.51,15.0,+33 5 59 37 00 22,https://centralhotel64.com/,,
13254631766,Gîte de Gabarre,Gîte / Auberge,43.95113460000002,0.3640262999999995,415.59,457.0,,https://gitedegabarre.com/,,
13259759773,Au Plaisir d'Étape,Gîte / Auberge,43.9555586,0.37569570000000063,415.74,141.0,,,,
13259759778,La Halte du Kiosque,Gîte / Auberge,43.95540309999999,0.3735915000000001,415.77,56.0,,,,
13352023701,Pause ton sac,Gîte / Auberge,43.957187000000005,0.3769805000000005,415.8,130.0,,,,
13397841233,Gîte Le Boudoir,Chambre d'hôtes,43.93415010000002,0.6199618000000003,416.2,270.0,+33 6 75 90 32 81,https://www.giteleboudoir-lectoure.com/,,
13397841239,L'Étoile Occitane,Gîte / Auberge,43.9352241,0.6181861000000006,416.4,708.0,,,,
13397976552,Sans nom,Chambre d'hôtes,43.934425399999995,0.6233829000000007,418.47,170.0,,,,
13529353447,Le Jardin du Dolaizon,Chambre d'hôtes,45.046842600000005,3.8937285000000004,427.26,99.0,,,,
13576123201,Maison Duler - Domaine de Saint-Géry,Hôtel,44.343111900000004,1.3031080000000002,434.98,589.0,+33 5 65 31 82 51,https://www.saint-gery.com/,,
13667434862,Logis du Cagaïre,Chambre d'hôtes,45.043591200000016,3.882841299999999,435.02,22.0,+33 6 24 44 37 15,https://logisducagaire.wixsite.com/cagaire/services,,
59115956,Les Crêtes de Pignols,Hôtel,44.1258234,1.1225661000000002,436.48,18.0,+33 5 63 04 04 04,https://www.cretesdepignols.com/,,
59116040,La Maison Lydia,Chambre d'hôtes,44.10223700000001,1.0834055,436.67,9.0,,,,4
59118369,La Masion de Laujol,Chambre d'hôtes,44.1523417,1.1085112999999998,436.74,23.0,+339 74 76 66 10,https://www.lamaisondelaujol.fr/,,
59120460,Colibri d'Espis,Gîte / Auberge,44.14503460000002,1.1123205999999994,437.07,13.0,+33 6 16 48 07 29,https://colibridespis.com/,,3
59120868,L'Auberge des Chemins,Chambre d'hôtes,44.10090259999998,1.0827342999999998,437.2,9.0,,https://www.aubergedeschemins.com/,,
59123282,Le Chapon Fin,Hôtel,44.1031771,1.0858876999999991,437.25,17.0,,,,
59127351,Le Jardin Suspendu,Chambre d'hôtes,44.1066168,1.0856065999999995,437.88,405.0,+33 5 63 32 61 35,,,2
59127485,Bon Comino,Gîte / Auberge,44.1092136,1.1009587000000003,445.61,26.0,,https://leboncamino.fr/,,
59127634,Comme un Air de Voyage,Camping,44.105051399999994,1.0834658999999993,447.01,161.0,+33 6 20 42 03 63,https://chemindecompostelle.com/voie-puy-gr65-via-podiensis/hebergements/comme-un-air-de-voyage-moissac/,,
59128095,Sans nom,Chambre d'hôtes,44.10725200000002,1.0752629000000007,452.73,83.0,+337 83 19 92 91,,,
59128622,Sans nom,Chambre d'hôtes,44.105578099999995,1.0867203,458.71,13.0,+33 5 63 04 07 88,http://jeanyvesprovensal.free.fr/gitevacances/,,
59129542,La Prévôté,Chambre d'hôtes,44.10561310000001,1.0895233000000009,458.74,64.0,,,,
59129779,Ultreïa,Chambre d'hôtes,44.1028074,1.0798318999999994,468.53,21.0,+33 5 63 05 15 06; +33 6 71 74 03 14,https://ultreiamoissac.com/,,
59130218,Gîte d'étape Aliénor,Chambre d'hôtes,44.1042162,1.0862770999999993,469.55,36.0,+33 7 87 90 07 21,,,
59130705,L'Arche de Moissac,Chambre d'hôtes,44.10568390000001,1.0880963999999995,469.66,35.0,,http://arche-de-moissac.com/,,5
59131024,L'Espagnette,Chambre d'hôtes,44.09215460000001,1.0528528,469.78,7.0,+336 48 36 96 47,,,5
59131456,Le Pont Napoléon,Hôtel,44.10014799999999,1.0825324000000005,469.95,57.0,+33 5 63 04 01 55,https://www.le-pont-napoleon.com/fr,,
59131789,Sans nom,Chambre d'hôtes,44.107304900000024,1.0857006999999992,470.14,8.0,+33604875551,,,
59131887,La Petite Lumière,Chambre d'hôtes,44.105588000000004,1.0814826000000004,478.44,13.0,+33 6 74 68 12 94,http://www.lapetitelumiere.org,,
62596118,Le Commerce,Hôtel,43.32345380000001,-0.7616706999999993,478.52,11.0,,,,
62596638,"Gite pèlerin ""L'Alchimiste""",Chambre d'hôtes,43.32318939999998,-0.760524499999999,478.63,9.0,,,,
64594328,Gîtes Izaxulo,Hôtel,43.1640292,-1.2371278000000006,488.06,376.0,,,,
65445940,Gîte d'étape communal Del Roumiou,Gîte / Auberge,44.51564919999997,2.8153205000000003,488.06,60.0,+33 5 65 48 65 82,http://gite-delroumiou.jimdo.com/,,
68043058,La Ségalière,Hôtel,44.4854902,1.84866,488.1,23.0,,http://www.lasegaliere.com/,,
68365234,Le Champollion,Hôtel,44.60935870000002,2.0346859999999993,488.25,16.0,,,,
68373945,Hôtel du Pont d'Or,Hôtel,44.6065789,2.0337661,492.76,119.0,,,,
68374421,Gîte d'étape le Coquelicot,Gîte / Auberge,44.6079595,2.0392123000000004,492.84,648.0,+33627586754,,,
68374702,Gîte Chez Célia,Chambre d'hôtes,44.60876600000001,2.0364349,493.93,868.0,+33 6 05 10 96 59,http://www.gitechezcelia.com/accueilen.ws,,
68382716,Le Quatorze,Hôtel,44.608089799999995,2.0364637,501.12,505.0,,,,
71313983,Hôtel Chartreuse,Hôtel,44.4400906,1.4401078000000005,501.38,15.0,,https://www.logishotels.com/fr/hotel/hotel-chartreuse-1787,,
75733035,Gîte Communal de Séjour,Chambre d'hôtes,44.0708489,0.8985275999999992,501.47,148.0,,,,
85771194,Gîte d'étape et chambres d'hôtes Nicole Allègre,Chambre d'hôtes,44.994905700000004,3.8113641,501.55,18.0,,,,
86357921,Sans nom,Hôtel,45.0430974,3.8918679000000003,501.6,226.0,,,,
86359550,Apart Hotel & Gite d'Etape des Capucins,Hôtel,45.04240860000001,3.8786553,501.6,270.0,,,,
86361482,Ibis Le Puy-en-Velay Centre,Hôtel,45.0475778,3.879984299999999,502.36,77.0,,,,
86363489,Hôtel Saint-Jacques,Hôtel,45.043395600000004,3.8880598999999996,502.94,240.0,,,,
86364200,Sans nom,Hôtel,45.04304170000002,3.891694899999999,503.25,491.0,,,,
91980074,La Mouline de Belin,Chambre d'hôtes,43.939404399999994,0.6325329000000003,507.51,744.0,,http://www.lamoulinedebelin.com/,,
95861216,Solenca,Hôtel,43.76959140000001,-0.029410100000000036,508.22,602.0,,https://www.solenca.com/,,
110288287,Béthanie,Gîte / Auberge,43.85769599999999,0.09466720000000099,518.26,7.0,,,,3
110289709,Henri IV,Hôtel,43.861226699999996,0.1000938000000012,518.37,32.0,+33 5 62 08 45 40,https://www.hotel-restaurant-henri-4.fr/,,5
113459885,Auberge de Larressingle,Hôtel,43.9442952,0.3130340999999998,527.45,11.0,+33562282967,https://www.auberge-de-larressingle.fr/,,5
115615217,Camping le Port de Lacombe,Camping,44.60959189999998,2.2365869000000003,529.43,897.0,+33 565631980,https://www.camping-leportdelacombe.com/,,
115709397,Camping Beau Rivage,Camping,44.58446099999998,2.2345390000000007,533.64,127.0,,,,
115712415,Camping Le Roquelongue,Camping,44.588765599999995,2.2212973000000003,535.09,12.0,+33565633967,http://www.camping-roquelongue.com/,,
117421067,Camping Municipal Plaza Berri,Camping,43.16109510000001,-1.2359745000000002,535.32,28.0,+33 5 59 37 11 19,,,
118353859,Sans nom,Camping,44.18392049999999,1.1527084999999992,535.36,77.0,,,,
121535538,Aube Nouvelle,Hôtel,44.1932257,1.1580028,535.36,90.0,,http://www.aubenouvelle.com/,,
134242923,Le Moulin de Bidounet,Camping,44.09539170000001,1.0915819999999996,536.25,202.0,+33563325252,https://www.camping-moissac.com/,,
139473141,"Gite d´Etape et Bar ""L'Europe""",Gîte / Auberge,44.781007,3.3879380000000006,540.89,813.0,,,,
139473372,Gite d´Etape,Gîte / Auberge,44.78060049999999,3.3888705,542.5,306.0,,,,
139474057,Gite d´Etape,Gîte / Auberge,44.77882199999999,3.3910415,546.17,10.0,,,,
139474226,Gite La Croix du Plo,Chambre d'hôtes,44.794869000000006,3.3978190000000006,549.88,188.0,,,,
142699592,La Randonnée,Hôtel,44.667473000000015,3.0459030000000005,555.18,699.0,,,,
142700089,Hôtel de France,Hôtel,44.66272929999999,3.0450751,555.33,106.0,,,,
142700481,Centre Equestre des Monts d'Aubrac,Chambre d'hôtes,44.666725199999995,3.0406779999999998,555.33,440.0,,https://www.equitation-aubrac-lozere.fr/hebergement/,20,
142728339,Aubrac Hôtel,Hôtel,44.72203600000001,3.2851636999999996,555.59,37.0,,http://www.aubrac-hotel.fr/,,
142728610,Logis Hôtel Chez Camilou,Hôtel,44.7169925,3.2877630000000004,556.18,160.0,,,,
142729897,Gîte d'étape Ferme du Barry,Gîte / Auberge,44.722409000000006,3.287306500000001,570.15,382.0,,http://www.ferme-du-barry.com/,,
143980105,Royal Aubrac,Hôtel,44.62716249999998,2.9854820000000006,582.83,158.0,+33 5 65 44 28 41,http://www.lesgitesduroyalaubrac.com/,,
143980229,Gite d´Etape,Gîte / Auberge,44.5905545,2.9202755000000002,582.97,18.0,,,,
143980250,La Colonie,Chambre d'hôtes,44.6216373,2.9848545000000004,582.97,67.0,+33565516479,https://la-colonie.com,,
143980313,La Domerie - Maison d'hôtes & Appartements,Hôtel,44.6218831,2.9857800999999995,583.74,55.0,+33565442842,https://www.la-domerie.com/fr,,5
143981248,"Gite d´Etape ""La Carderie""",Gîte / Auberge,44.588586500000005,2.9200935000000006,583.95,68.0,,,,
143981675,L'Estive d'Aubrac,Gîte / Auberge,44.62222310000001,2.9877941999999997,584.2,292.0,,,,
151730092,La Barguelonne,Hôtel,44.3386555,1.2008689999999989,584.25,10.0,,,,
151732721,Maison Saint-Privat,Chambre d'hôtes,44.33844949999999,1.2112019999999994,601.76,51.0,,,,
151732761,Chez Jane,Chambre d'hôtes,44.33771550000001,1.2115239999999994,610.6,253.0,,,,
151732897,Oh p'tit rapporteur,Chambre d'hôtes,44.33820350000001,1.2079935000000008,617.54,108.0,,,,
151732912,Four,Chambre d'hôtes,44.33827049999999,1.2093689999999993,617.54,12.0,,,,
151934856,Les Platanes,Hôtel,43.70449299999999,-0.2603924999999996,620.06,33.0,+33 5 58 45 87 27,https://www.lesplatanes-aire.com/,,
152362542,Gîted'Étape Saint-Christophe,Gîte / Auberge,44.553938,2.6717798,630.02,14.0,,https://www.gite-etape-saint-christophe.com/,,
152869308,Hôtel de France,Hôtel,44.521098300000006,2.7613835999999994,638.27,151.0,,http://hoteldefrance12.fr/,,
168577282,Camping l'Orée du Bois by Noricamp,Camping,43.459975,-0.6155423,647.49,515.0,,https://nori.camp/,,
184883814,Relais Arc en Ciel,Chambre d'hôtes,44.35212600000001,1.6844589999999997,655.14,386.0,,,,
186920578,Ferme de Bessoles,Chambre d'hôtes,44.595594999999996,2.5412329999999996,657.38,67.0,,https://www.tourisme-aveyron.com/en/diffusio/gites-rentals/la-ferme-de-bessoles-golinhac_TFO097696892073,,
186922450,L'Orée du Chemin,Chambre d'hôtes,44.59356760000003,2.5912195000000002,660.7,637.0,,http://www.loreeduchemin.fr/,20,
199337669,Gite la 1ere Etape,Gîte / Auberge,44.98948999999998,3.741789,666.04,20.0,,,,
200445553,Domaine Le Sauvage,Chambre d'hôtes,44.82453480000002,3.4869633,668.23,27.0,+33 9 61 38 68 47,http://www.sauvage-en-gevaudan.com/,,
219775091,Maison Familiale de Vacances,Gîte / Auberge,44.59909369999999,2.4011495,679.29,68.0,,http://www.conques.capfrance.com/,,28
222001185,Camping du Pouy,Camping,43.87232570000001,0.10684950000000067,679.29,8.0,+33 9 50 75 76 58,https://guinguettedupouy.fr/camping,,
228943242,Gite d'étape,Chambre d'hôtes,44.74057990000002,3.3503258,679.38,21.0,,,,
232905834,Camping Roc de l'Arche,Camping,44.52206150000001,2.7707318,679.54,230.0,+33565440679,http://www.rocdelarche.com/,,
251654752,À Deux Pas du Chemin,Chambre d'hôtes,43.82941050000001,0.04063000000000094,697.59,202.0,,https://adeuxpasduchemin.fr/,,
271073143,Le Camp de Florence,Camping,43.98370369999999,0.5025267000000004,700.63,441.0,,https://www.lecampdeflorence.com,,
273386147,Camping Les Ombrages,Camping,43.70307670000001,-0.25741370000000025,725.89,168.0,,https://www.camping-adour-landes.com/,,
289028591,Camping Belle Rive,Camping,44.5132766,2.8175436999999994,728.98,6.0,+33 6 98 22 91 59,http://www.camping-bellerive-aveyron.com/,71,
293066509,Le temps d'une pause,Camping,44.59954780000001,2.3916470000000003,740.52,11.0,,https://www.le-temps-dune-pause.fr/,,
294714193,Domaine du Surgié,Camping,44.61358779999998,2.0484721000000006,742.75,59.0,,https://www.domainedusurgie.com/,,
297090624,Camping de Bouthezard,Camping,45.04992190000001,3.8798803999999993,744.48,4.0,+33 4 71 09 55 09,https://www.aquadis-loisirs.com/camping-nature/camping-du-puy-en-velay,71,
297873041,Le Presbytère,Chambre d'hôtes,43.981725299999994,0.4989611000000012,744.48,7.0,,,,
301946242,Sans nom,Chambre d'hôtes,44.3753375,1.5162445,744.48,4.0,,,,
307888881,Camping Le Terriol,Camping,44.4835841,1.8384533,744.53,6.0,,https://www.campingleterriol.com/,45,
1110210115,Auberge de Jeunesse HI Cahors- Le Chai,Gîte / Auberge,44.445909699999994,1.4332817000000007,744.56,43.0,+33 5 36 04 00 80,https://www.hifrance.org/auberge-de-jeunesse/cahors-le-chai.html,,94
1202565751,Camping du plan d'eau,Camping,44.481599100000004,1.8432233999999994,744.56,131.0,,https://www.tourisme-aveyron.com/fr/diffusio/campings/camping-du-plan-d-eau-salvagnac-cajarc_TFO18207421276,,
1216494365,Camping de l'Accueil Saint Georges,Camping,45.04738129999999,3.8874261000000003,744.56,14.0,,,,
1420335250,Camping Le Beauvillage,Camping,44.266118700000014,1.1396982000000002,744.56,338.0,+33 5 63 29 13 68,https://www.campinglebeauvillage.com/,,
1426442396,Les Lacs d’Armagnac,Camping,43.90686000000001,0.13189300000000015,744.56,242.0,,https://www.leslacs-darmagnac.com/,,
442711370,Gîte d'etape,Chambre d'hôtes,44.91006960000001,3.5041206,744.56,30.0,+33 6 81 20 66 08,,,
442721409,"Gite d'étape ""Au ricochet""",Gîte / Auberge,44.96982670000001,3.648561299999999,744.56,79.0,,,,
442891264,Sans nom,Gîte / Auberge,44.8599133,3.4901444999999995,744.56,68.0,,,,
482032011,Le Mille Bornes,Gîte / Auberge,43.904594500000016,0.15431360000000033,744.56,217.0,,https://www.gitemillebornes.com/,,
548718361,Camping municipal,Camping,44.706490499999994,3.2807462,744.56,258.0,,,,
560055606,Best Western,Hôtel,44.44627919999999,1.4323002000000005,744.56,305.0,,,,
582329576,L'Armateur,Hôtel,44.1008837,1.0819870000000003,744.56,492.0,+33 5 63 32 85 10,,,
661694665,Le chemin,Chambre d'hôtes,44.660364300000005,3.0447153,744.56,389.0,,,,
743211105,Camping rural de Lendresse,Camping,43.41848119999999,-0.6698354000000002,744.56,159.0,,,,
837378770,Camping Bel Air,Camping,44.395131599999985,1.7648183999999996,744.56,421.0,,https://www.camping-le-bel-air.fr,,
979887890,Camping La Cavalerie,Camping,44.5645151,2.6630617000000005,744.56,101.0,+33 5 65 44 71 94,https://campinglacavalerie.com/,,
397580957,La Seuge,Camping,44.959636499999995,3.5404338999999996,744.56,109.0,+33 4 71 77 80 62;+33 6 65 15 04 32,https://www.campingdelaseuge.fr/,,
441848802,Gîte d'étape La Cabourne,Gîte / Auberge,44.989852899999995,3.676769899999999,744.56,129.0,+33 4 71 57 25 50,http://www.lacabourne.fr/,,
433228362,Le Galier,Camping,44.77428699999999,3.3734803,744.56,54.0,,,,
429469074,Sans nom,Camping,43.1665627,-1.2149197000000003,744.56,21.0,,,,
421474493,Gîte Itier Martins,Gîte / Auberge,44.95729909999999,3.5492911999999994,744.56,13.0,+33672754648,https://gite-itier-martins.fr/,,
390200048,Municipal Le Marchat,Camping,44.99168670000002,3.6774892,744.56,219.0,+33 4 71 57 22 13,,,
380784270,Camping Bellevue,Camping,44.6035131,2.5827174000000004,744.56,44.0,,http://www.pole-bellevue.fr/camping.php,,
366748372,Le Vivier,Camping,44.9690894,3.6513064,744.56,219.0,+33471572414,https://camping-le-vivier.fr/,46,
345403881,Le Relais de Boralde,Hôtel,44.519147,2.782073700000001,744.56,425.0,,,,
421473925,Le Par'Ici,Chambre d'hôtes,44.95624840000001,3.5522420000000006,744.56,79.0,+33 7 65 68 71 44,,,3
402192158,Le Jardin sur l'Eau,Chambre d'hôtes,43.70119309999998,-0.26314649999999945,744.56,124.0,,,,
397582161,L'Argenté,Camping,43.9485706,0.3645995000000003,744.56,364.0,+33 4 68 25 85 14;+33562281732,,,
